{
  "questions": [
    {
      "question": "How can deterministic execution be ensured in a RISC-V real-time system?",
      "expected_answer": "Deterministic execution can be ensured by using fixed priority scheduling, minimizing cache misses, and avoiding non-deterministic hardware features like speculative execution.",
      "given_answer": "Ensuring deterministic execution in a RISC-V real-time system involves several strategies:\n1. **Fixed-priority scheduling**: Implement fixed-priority scheduling algorithms like Rate-Monotonic Scheduling (RMS) to ensure that tasks with shorter periods are given higher priority. This helps guarantee that critical tasks meet their deadlines.\n2. **RTOS selection**: Choose a Real-Time Operating System (RTOS) that provides support for deterministic behavior. Ensure that the RTOS offers features like priority inheritance and predictable context switching.\n3. **Timer configurations**: Configure hardware timers for precise scheduling of tasks and interrupts. Use the RISC-V timer to set up periodic interrupts that trigger task execution according to their defined periods.\n4. **Avoiding dynamic allocation**: Minimize or eliminate dynamic memory allocation in critical sections of code to avoid unpredictable latencies associated with memory management.\n5. **Profiling and testing**: Conduct performance profiling and worst-case execution time (WCET) analysis for tasks to understand their timing behavior and ensure that they meet real-time constraints under all conditions.",
      "similarity": 60.0,
      "differences": "Both answers discuss elements to ensure deterministic execution, such as the use of fixed-priority scheduling. However, the given answer goes into much more detail, discussing specific strategies and considerations such as choosing a suitable RTOS and avoiding dynamic allocation, which were not mentioned in the expected answer. The expected answer, on the other hand, mentions minimizing cache misses and avoiding non-deterministic hardware features like speculative execution- concepts not covered in the given answer. Thus, while there is some overlap in content, the answers are not completely aligned."
    },
    {
      "question": "What is the role of register allocation in optimizing RISC-V systems for performance?",
      "expected_answer": "Efficient register allocation minimizes memory accesses by keeping frequently used variables in registers, reducing latency and improving performance.",
      "given_answer": "Register allocation is a critical optimization technique in compiler design, especially for architectures like RISC-V, which feature a limited number of registers. Here's an overview of its role in performance optimization:\n\n### 1. Importance of Register Allocation\n- **Minimizing Memory Access:** Register allocation reduces the number of memory accesses by keeping frequently used variables in registers, which are faster to access than main memory.\n- **Speeding Up Execution:** Accessing data in registers is significantly faster (typically one or two clock cycles) compared to accessing data in RAM (which can take tens of cycles).\n\n### 2. Strategies for Effective Register Allocation\n- **Graph Coloring:** One common technique for register allocation is graph coloring, where each variable is represented as a node in a graph, and edges represent conflicts (i.e., variables that are live at the same time). The goal is to color the graph with a limited number of colors (registers) such that no two adjacent nodes share the same color.\n- **Linear Scan Allocation:** This is a simpler approach that works well for small numbers of registers. It involves scanning through the variables and assigning registers in a greedy manner.\n\n### 3. Implementing Register Allocation in RISC-V\n- **Optimize Compiler Passes:** Modern RISC-V compilers (like GCC or LLVM) often include advanced register allocation strategies. Ensuring that these passes are enabled during compilation can significantly enhance performance.\n- **Profile-Guided Optimization (PGO):** By analyzing runtime behavior, compilers can make informed decisions about which variables are likely to be accessed frequently and allocate registers accordingly.\n\n### 4. Trade-offs and Challenges\n- **Spill Handling:** When there are not enough registers to accommodate all live variables, some variables must be spilled to memory. This can introduce overhead, so minimizing spills is crucial.\n- **Compiler Complexity:** Implementing advanced register allocation techniques can increase compiler complexity and compilation time.\n\n### Conclusion\nEffective register allocation is vital for optimizing RISC-V systems for performance. By reducing memory access latencies and ensuring that critical variables reside in registers, overall execution speed can be significantly enhanced.",
      "similarity": 90.0,
      "differences": "The given answer provides a much more detailed explanation compared to the expected answer, however, the core concept is the same – register allocation optimizes performance by reducing memory accesses and keeping frequently used variables in the register. However, the key points about reducing latency and improving performance are touched upon in both answers. Hence a similarity score of 90, adjusting for the additional information in the given answer."
    },
    {
      "question": "How can memory prefetching be optimized in RISC-V systems to enhance real-time performance?",
      "expected_answer": "Memory prefetching can be optimized by using compiler optimizations and hardware-level prefetching mechanisms that detect memory access patterns and preload data into cache.",
      "given_answer": "Memory prefetching can be optimized in RISC-V systems to enhance real-time performance through several techniques:\n\n1. **Hardware Prefetching**: Leverage the built-in prefetching capabilities of RISC-V processors. You can configure the prefetching logic in the cache controller to prefetch data based on access patterns. This can significantly reduce cache miss latency. For example, enable streaming prefetching for predictable access patterns.\n\n2. **Software Prefetching**: Use compiler directives or intrinsic functions to insert prefetch instructions in your code. For example:\n   ```c\n   __builtin_prefetch(&array[index + 1]);  // Prefetch next element\n   ```\n   This instructs the compiler to prefetch data into the cache before it is accessed, reducing wait times.\n\n3. **Cache Locking**: In real-time applications, critical data structures can be locked in the cache to prevent eviction. This ensures that data is always available when needed, thus minimizing access latency. Example code for locking a cache line might look like:\n   ```c\n   void lock_cache_line(void *address) {\n       // Implementation to lock cache line\n   }\n   ```\n\n4. **Multi-Level Cache Strategies**: Utilize multi-level cache systems effectively by ensuring that frequently accessed data fits within the upper levels of the cache hierarchy. Optimize cache block sizes based on the access patterns of your workload to reduce cache misses.\n\n5. **Analyze Access Patterns**: Use profiling tools to analyze memory access patterns in your application. Understanding access behavior can help you refine prefetching strategies and cache configurations to better suit your application’s needs.\n\nBy employing these techniques, you can optimize memory prefetching in RISC-V systems, leading to improved real-time performance.",
      "similarity": 90.0,
      "differences": "Both answers discuss the optimization of memory prefetching, with an emphasis on hardware and software strategies. The expected answer provides a general overview, while the given answer delves deeper into the topic, providing detailed strategies and examples specifically geared for a RISC-V system. The specific details and added context in the given answer do cause some differences, but at their core, both answers are addressing the same fundamental concepts about prefetching optimization techniques."
    },
    {
      "question": "How can power management be optimized in a RISC-V system without sacrificing real-time performance?",
      "expected_answer": "Power management can be optimized by using Dynamic Voltage and Frequency Scaling (DVFS) and sleep modes, while carefully managing task scheduling to avoid violating real-time constraints.",
      "given_answer": "Optimizing power management in a RISC-V system while maintaining real-time performance involves several strategies:\n\n1. **Dynamic Voltage and Frequency Scaling (DVFS)**: Implement DVFS to adjust the voltage and frequency according to the workload. This can significantly reduce power consumption during low activity periods:\n   - Monitor CPU load and dynamically adjust settings based on performance needs.\n   - Ensure that critical real-time tasks can still meet their deadlines during frequency scaling.\n\n2. **Power Gating**: Use power gating techniques to turn off non-essential components when they are not in use:\n   - Identify peripherals and components that can be powered down without affecting real-time operations.\n   - Implement wake-up mechanisms to reactivate components when needed.\n\n3. **Sleep Modes**: Integrate various sleep modes for the processor and peripherals:\n   - Use low-power sleep modes during idle periods while ensuring that the system can wake up quickly for interrupts or scheduled tasks.\n   - Implement a timer-based wake-up for periodic tasks while keeping the system in a low-power state.\n\n4. **Task Scheduling**: Use scheduling algorithms that consider power states:\n   - Combine real-time scheduling with power-aware techniques to ensure that tasks are executed in a manner that minimizes power while meeting deadlines.\n   - For example, use Rate-Monotonic Scheduling (RMS) with power state considerations.\n\n5. **Code Optimization**: Optimize code to reduce CPU cycles:\n   - Profile the application to identify hotspots and optimize them to reduce execution time.\n   - Use efficient algorithms and data structures to minimize processing power.\n\n6. **Hardware Support**: Leverage hardware features for power management:\n   - Use timers and interrupts effectively to manage power states.\n   - Take advantage of RISC-V extensions that support power management features.\n\n7. **Simulation and Testing**: Conduct simulations to test power management strategies:\n   - Use tools to simulate power consumption under various workloads and optimize accordingly.\n   - Test real-time performance under different power states to ensure that deadlines are still met.\n\nBy implementing these strategies, a RISC-V system can achieve optimized power management while ensuring that real-time performance remains uncompromised.",
      "similarity": 80.0,
      "differences": "Both answers talk about ways to optimize power management in computer systems. They discuss similar concepts such as Dynamic Voltage and Frequency Scaling (DVFS) and task scheduling. The given answer also brings up additional topics that are not found in the expected answer such as power gating and code optimization. However, both answers fundamentally address the same issue of balancing power conservation with real-time performance, hence a high similarity score."
    },
    {
      "question": "How can peripheral latency be minimized in RISC-V-based embedded systems?",
      "expected_answer": "Peripheral latency can be minimized by using direct memory access (DMA) for data transfers, optimizing interrupt handling, and ensuring peripherals are mapped to low-latency memory regions.",
      "given_answer": "Minimizing peripheral latency in RISC-V-based embedded systems involves several strategies that optimize communication and data handling between the CPU and peripherals. Here are key approaches:\n\n1. **Direct Memory Access (DMA) Utilization**:\n   - Use DMA controllers to handle data transfers between peripherals and memory, freeing up CPU cycles and reducing latency. Configure the DMA for burst transfers when applicable to maximize throughput.\n\n2. **Efficient Interrupt Handling**:\n   - Optimize the use of interrupts by ensuring that interrupt service routines (ISRs) are short and focused. Use priority levels for interrupts to ensure critical tasks are serviced promptly.\n   - Implement techniques such as interrupt coalescing to reduce the number of interrupts generated by fast peripherals, thus lowering overhead.\n\n3. **Polling vs. Interrupts**:\n   - Evaluate the trade-offs between using polling and interrupts for peripheral communication. For low-latency requirements, polling may be more suitable, while interrupts are better for low-power applications.\n\n4. **Adjust Peripheral Configuration**:\n   - Configure peripheral settings (e.g., baud rate for UART, sampling rate for ADC) to optimize performance. Higher settings can reduce the time taken for data transfers but may require careful management of system resources.\n\n5. **Buffer Management**:\n   - Use circular buffers for data storage when dealing with high-speed peripherals to ensure data is processed continuously without loss. This allows for efficient data retrieval and processing.\n\n6. **Code Optimization**:\n   - Optimize the code that handles peripheral communication by minimizing function calls, using inline functions where appropriate, and reducing the complexity of the logic used to handle data.\n\n7. **Clock Management**:\n   - Ensure that the system clock is configured correctly to meet the timing requirements of peripherals. Adjust clock frequencies to balance performance and power consumption.\n\n8. **Preemptive Multitasking**:\n   - Use a real-time operating system (RTOS) that supports preemptive multitasking to ensure that high-priority tasks can interrupt lower-priority ones, thus reducing latency in critical operations.\n\nBy implementing these strategies, peripheral latency can be significantly reduced, leading to improved performance in RISC-V-based embedded systems.",
      "similarity": 85.0,
      "differences": "Both answers are talking about the same topic of minimizing peripheral latency, and both mention some similar methods such as using Direct Memory Access (DMA), and optimizing interrupt handling. However, the second answer provides more in-depth strategies, including buffer management, code optimization, clock management, and preemptive multitasking, which are not mentioned in the first answer. So, even though both answers cover the same general idea, the second answer discusses the topic more deeply and widely."
    },
    {
      "question": "How do you measure and optimize cycle timing for real-time tasks in a RISC-V system?",
      "expected_answer": "Cycle timing can be measured using performance counters, and optimized by reducing instruction dependencies, improving branch prediction, and minimizing cache misses.",
      "given_answer": "Measuring and optimizing cycle timing for real-time tasks in a RISC-V system involves several steps:\n\n1. **Cycle Timing Measurement**:\n   - Use the Performance Monitoring Unit (PMU) available in RISC-V cores to access cycle counters. These counters can capture the number of cycles taken by specific code sections.\n   - Instrument your code to read cycle counters at the beginning and end of critical sections.\n\n   Example code snippet:\n   ```c\n   uint64_t start_cycles = read_cycle_counter();\n   // Critical section code\n   uint64_t end_cycles = read_cycle_counter();\n   printf(\"Cycles taken: %llu\\n\", end_cycles - start_cycles);\n   ```\n\n2. **Optimizing Cycle Timing**:\n   - Analyze the cycle data to identify bottlenecks. Focus on functions or loops that consume excessive cycles.\n   - Optimize hotspots by reducing the complexity of algorithms, using efficient data structures, or employing loop unrolling techniques.\n   - Utilize compiler optimizations by setting appropriate flags during compilation (e.g., `-O2` or `-O3` for GCC).\n   - Profile the application under various workloads to understand how different conditions affect cycle timing and adjust accordingly.\n\n3. **Tools and Techniques**:\n   - Use simulation tools like Spike or FESVR to experiment with different scheduling algorithms and measure their impact on cycle timing in a controlled environment.\n   - Implement feedback mechanisms in your real-time system that adjust task priorities based on cycle timing metrics, ensuring that critical tasks are executed promptly.\n\nBy systematically measuring and optimizing cycle timings, you can enhance the performance of real-time tasks in RISC-V systems, ensuring they meet their timing constraints.",
      "similarity": 85.0,
      "differences": "Both answers discuss the concept of measuring and optimizing cycle timing in computing, though they approach it with different levels of detail and context. The given answer expands significantly upon the process of measuring and optimizing cycle timing, going into specifics of how to instrument code to read cycle counters, how to optimize hotspots, and even discusses tools and techniques useful for this purpose. The expected answer raises similar points about reducing instruction dependencies, improving branch prediction, and minimizing cache misses, but does not delve into specifics. However, the core concept remains the same between both answers. The score isn't higher as both answers use fairly different language and detail-level to convey similar ideas."
    },
    {
      "question": "What strategies can be employed to optimize interrupt handling in RISC-V systems for minimal latency?",
      "expected_answer": "Use low-latency interrupt service routines (ISRs) and configure interrupt vector tables efficiently to minimize interrupt response times.",
      "given_answer": "Optimizing interrupt handling in RISC-V systems involves several strategies that focus on minimizing latency and maximizing responsiveness. Here are key approaches:\n\n1. **Prioritize Interrupts**: Configure the RISC-V interrupt controller to prioritize interrupts based on their urgency. Use a priority scheme that ensures critical interrupts are serviced first.\n\n2. **Low-Latency ISRs**: Keep Interrupt Service Routines (ISRs) short and efficient. Perform minimal processing within the ISR and defer lengthy operations to the main application thread.\n\n3. **Use of Fast Context Switching**: Leverage fast context switching mechanisms provided by the RISC-V architecture. Ensure that the context switch overhead is minimized by using optimized save/restore techniques for registers.\n\n4. **Nested Interrupts**: Enable nested interrupts judiciously. This allows higher priority interrupts to preempt lower priority ISRs, reducing latency for critical tasks. However, manage the stack and context carefully to avoid stack overflow.\n\n5. **Direct Interrupt Mapping**: Use direct interrupt mapping to avoid unnecessary layers of abstraction that can introduce latency. Directly associate interrupts with their handlers in the interrupt controller.\n\n6. **Configure interrupt controller efficiently**: Set up the RISC-V interrupt controller for minimal latency by ensuring that the interrupt enable/disable operations are optimized and that the interrupt vector table is located in fast-access memory.\n\n7. **Use of Shared Data Structures**: When multiple ISRs need to access shared data, use atomic operations or disable interrupts temporarily to prevent data corruption, ensuring data integrity without significant latency.\n\nBy employing these strategies, RISC-V systems can achieve optimized interrupt handling, ensuring minimal latency and quick responsiveness to external events.",
      "similarity": 85.0,
      "differences": "While the expected and given answers address the same topic—optimizing interrupt handling—the provided answer is much more detailed, listing specific strategies with explanations that align with the concept of minimizing latencies in interrupt response times. The mention of low-latency ISRs and efficient configuration of interrupt vector tables in both responses further boosts the similarity. However, the given answer adds detail about RISC-V systems, context switching, nested interrupts, direct interrupt mapping, and atomic operations which are not present in the expected answer."
    },
    {
      "question": "How can you implement efficient DMA transfers in a RISC-V system to optimize real-time performance?",
      "expected_answer": "Efficient DMA transfers can be implemented by using burst transfers, aligning data buffers to memory boundaries, and minimizing CPU involvement during transfers to optimize real-time performance.",
      "given_answer": "Implementing efficient Direct Memory Access (DMA) transfers in a RISC-V system involves several key steps to optimize real-time performance:\n\n1. **DMA Controller Configuration**: Begin by configuring the DMA controller settings. This includes setting the source and destination addresses, configuring the transfer size, and choosing the appropriate transfer mode (e.g., burst mode for large data transfers).\n   ```c\n   DMA->SRC_ADDR = (uint32_t)source_buffer;\n   DMA->DEST_ADDR = (uint32_t)destination_buffer;\n   DMA->TRANSFER_SIZE = size;\n   DMA->CONTROL = DMA_BURST_MODE;\n   ```\n   \n2. **Interrupt Management**: Use DMA interrupts to handle transfer completions. This allows the CPU to perform other tasks while the DMA controller handles data transfers.\n   ```c\n   void DMA_Interrupt_Handler(void) {\n       // Clear interrupt flag\n       DMA->INT_STATUS = 1;\n       // Process data after transfer completion\n       process_data(destination_buffer);\n   }\n   ```\n   \n3. **Minimize Overhead**: Ensure that the CPU is not involved in the data transfer process, which can be achieved by using the DMA to handle all data movements. This reduces the CPU's workload and allows it to focus on real-time tasks.\n   \n4. **Prioritize DMA Transfers**: If multiple DMA requests are present, prioritize them based on the urgency of the data being transferred. This can be done by assigning priority levels to different DMA channels.\n   \n5. **Optimize Buffer Management**: Use double buffering to ensure that while one buffer is being processed by the CPU, the other can be filled by the DMA. This reduces wait times and improves throughput.\n   \n6. **Test and Validate**: Finally, thoroughly test the DMA configuration under real-time conditions to ensure that it meets performance requirements and does not introduce unacceptable latencies.\n   \nBy following these steps, DMA transfers can be efficiently implemented in a RISC-V system, leading to improved real-time performance.",
      "similarity": 70.0,
      "differences": "Both answers highlight the importance of efficient DMA transfers, suggesting methods like minimizing CPU involvement and suitably configuring transfer modes for optimal real-time performance. However, the expected answer emphasizes more on burst transfers and alignment of buffers on memory boundaries, while the given answer elucidates RISC-V specific DMA configuration, interrupt management, prioritizing DMA transfers, optimization of buffer management, and testing and validation, with sample code snippets. These extended points lead to a divergence in the overall detailing and context, hence the similarity score leans towards the above."
    },
    {
      "question": "How can you optimize memory allocation in embedded RISC-V systems to meet real-time constraints?",
      "expected_answer": "Use memory pools, pre-allocate memory for critical tasks, and minimize dynamic memory allocation to reduce memory fragmentation and meet real-time constraints.",
      "given_answer": "Optimizing memory allocation in embedded RISC-V systems involves several strategies, especially under real-time constraints:\n\n### 1. Static vs. Dynamic Allocation\n- **Prefer Static Allocation:** Wherever possible, use static memory allocation instead of dynamic allocation. This avoids the overhead of memory management at runtime and can reduce fragmentation.\n- **Define Fixed Buffers:** Allocate fixed-size buffers for tasks that require predictable memory usage.\n\n### 2. Memory Pool Management\n- **Implement Memory Pools:** Use memory pools for dynamic memory allocation. Pre-allocate a pool of memory for specific data structures to minimize allocation time.\n- **Example of Memory Pool Initialization:**\n  ```c\n  #define POOL_SIZE 1024\n  char memoryPool[POOL_SIZE];\n  void* allocateFromPool(size_t size) {\n      // Simple allocation logic\n  }\n  ```\n\n### 3. Stack and Heap Management\n- **Optimize Stack Usage:** Minimize stack usage by avoiding large local variables and using heap allocation judiciously.\n- **Monitor Stack Depth:** Implement stack depth monitoring to prevent stack overflows, which can lead to unpredictable behavior in real-time systems.\n\n### 4. Memory Access Patterns\n- **Locality of Reference:** Organize data structures to enhance spatial and temporal locality, reducing cache misses and improving performance.\n- **Use Structs:** Group related data into structures to ensure that data accessed together is stored close together in memory.\n  ```c\n  typedef struct {\n      int sensor_data;\n      long timestamp;\n  } SensorReadings;\n  ```\n\n### 5. Real-Time Memory Management\n- **Real-Time Operating Systems (RTOS):** Use an RTOS that provides predictable memory management features, such as fixed-priority scheduling and deterministic memory allocation.\n- **Avoid Fragmentation:** Design your memory allocation strategy to minimize fragmentation, which can lead to allocation failures in real-time systems.\n\n### 6. Practical Example of Memory Pool Usage\n```c\n#include <stdlib.h>\n#include <string.h>\n\n#define MEMORY_POOL_SIZE 1024\n\nchar memoryPool[MEMORY_POOL_SIZE];\nsize_t poolOffset = 0;\n\nvoid* allocateMemory(size_t size) {\n    if (poolOffset + size > MEMORY_POOL_SIZE) return NULL;\n    void* ptr = &memoryPool[poolOffset];\n    poolOffset += size;\n    return ptr;\n}\n\nint main() {\n    int* data = (int*)allocateMemory(sizeof(int) * 10);\n    if (data) {\n        // Use allocated memory\n    }\n    return 0;\n}\n```\n### Conclusion\nBy employing these strategies, you can effectively optimize memory allocation in RISC-V embedded systems, ensuring that real-time constraints are met while maintaining system stability and performance.",
      "similarity": 85.0,
      "differences": "Both answers focus on the key concepts of efficient memory allocation strategies in the context of real-time systems. They share common ideas such as minimizing dynamic memory allocation and using memory pools to manage memory more effectively. The longer answer goes into more detail, providing practical examples and an expanded discussion that covers additional topics such as stack and heap management and real-time memory management techniques. Although the detailed answer goes into depth, the core ideas are similarly addressed in both the given answer and the expected answer."
    },
    {
      "question": "How can you reduce jitter in real-time RISC-V systems for time-sensitive tasks?",
      "expected_answer": "Jitter can be reduced by using hardware timers, avoiding unnecessary context switches, and ensuring critical tasks are not preempted by lower priority tasks.",
      "given_answer": "Reducing jitter in real-time RISC-V systems involves a combination of hardware and software strategies to ensure predictable timing. Here are key approaches:\n\n1. **Understanding Jitter**: Jitter refers to the variability in time delays in the execution of tasks. For real-time systems, minimizing jitter is crucial for meeting deadlines.\n\n2. **Task Scheduling**: Implement a fixed-priority scheduling algorithm like Rate-Monotonic Scheduling (RMS) to ensure that higher-priority tasks preempt lower-priority ones without unnecessary delays.\n\n3. **Disable Interrupts**: Temporarily disable interrupts during critical sections of code to prevent context switches that can introduce jitter. This should be done judiciously to avoid missing important events.\n\n4. **Use of Timer Hardware**: Leverage hardware timers to generate precise timing signals for task switching and to measure execution time. Configure timers to trigger interrupts at regular intervals, allowing for deterministic task execution.\n\n5. **Code Optimization**: Optimize critical code paths to ensure that they execute in a consistent amount of time. Avoid dynamic memory allocation and minimize the use of variable-length data structures.\n\n6. **Real-Time Operating System (RTOS) Configuration**: Configure the RTOS to use the tickless idle feature, reducing the overhead of timer interrupts when the system is idle. This can help in reducing the overall jitter.\n\n7. **Measurement and Monitoring**: Continuously measure jitter using performance counters and adjust scheduling policies or task priorities based on the observed data to achieve better predictability.",
      "similarity": 85.0,
      "differences": "The concepts in both answers align well, with the main focus being the methods of reducing jitter in a system. Both answers mention the use of hardware timers and the avoidance of unnecessary context switches. However, the given answer includes more detailed strategies with additional context, such as task scheduling, code optimization, and measurement and monitoring, which are not directly mentioned in the expected answer."
    },
    {
      "question": "What are the key factors for optimizing context switching in RISC-V real-time systems?",
      "expected_answer": "Optimizing context switching in RISC-V real-time systems is essential for improving responsiveness and minimizing latency. Here are key factors to consider:\n\n1. **Minimize Context Switch Time**:\n   - Reduce the amount of state information saved during a context switch. Only save what is necessary for the task to resume.\n   - Implement efficient data structures for the task control block (TCB) to minimize overhead.\n\n2. **Efficient Scheduling Algorithms**:\n   - Use priority-based scheduling algorithms like Rate-Monotonic Scheduling (RMS) or Earliest Deadline First (EDF) to ensure that high-priority tasks are executed first.\n   - Implement a preemptive scheduling mechanism to allow higher-priority tasks to interrupt lower-priority ones.\n\n3. **Hardware Support for Context Switching**:\n   - Utilize hardware features such as the `mepc` (Machine Exception Program Counter) and `mcause` (Machine Cause Register) to facilitate quick context switches.\n   - Optimize the use of interrupt handlers to minimize the time spent in interrupt contexts.\n\n4. **Use of RTOS**:\n   - Leverage Real-Time Operating Systems (RTOS) that are designed for minimal context switching overhead. Ensure that the RTOS is tuned for the specific RISC-V architecture.\n   - Configure the RTOS to use tickless configurations to reduce the frequency of timer interrupts, thereby minimizing context switches.\n\n5. **Profiling and Tuning**:\n   - Regularly profile context switching times using performance counters. This can help identify bottlenecks in the switching process.\n   - Adjust the time slice allocation for tasks based on their execution patterns and priorities to optimize CPU utilization.\n\nBy focusing on these factors, developers can significantly enhance context switching performance in RISC-V real-time systems.",
      "given_answer": "Optimizing context switching in RISC-V real-time systems is essential for improving performance and meeting real-time constraints. Key factors include:\n\n1. **Minimizing Context Switch Time**: The context switch time can be minimized by efficiently saving and restoring the CPU state, including registers and program counter. Using dedicated registers for critical information can speed up this process.\n\n2. **Efficient Data Structures**: Utilize efficient data structures for managing task states, such as circular buffers or priority queues, to minimize overhead during context switches.\n\n3. **Interrupt Handling**: Configure the RISC-V interrupt controller to minimize the time spent in ISR (Interrupt Service Routine). This can involve prioritizing interrupts and using nested interrupts judiciously to ensure that high-priority tasks are serviced without undue delay.\n\n4. **Lazy Context Switching**: Implement lazy context switching, where the context switch is deferred until it is absolutely necessary, such as when a higher-priority task becomes ready to run.\n\n5. **Use of Compiler Optimizations**: Leverage compiler optimizations to reduce the overhead of function calls and context switches. This can include inlining functions and optimizing loop structures.\n\n6. **RTOS Optimization**: If using an RTOS like FreeRTOS, fine-tune the scheduler and configure tickless mode to reduce context switch frequency during idle times, thus saving power and reducing overhead.\n\nBy focusing on these factors, developers can enhance the performance of context switching in RISC-V real-time systems, ensuring timely task execution and responsiveness.",
      "similarity": 85.0,
      "differences": "Both responses cover the same broad topic of optimizing context switching in RISC-V real-time systems. They both suggest several similar approaches, like minimizing context switch time, implementing efficient data structures and using a Real-Time Operating System (RTOS) effectively. Both answers also recommend focusing on interrupt handling, and CPU state preservation. However, they differ in some details. For instance, the expected answer discusses specific hardware features (like mepc and mcause) and specific scheduling algorithms, while the given answer introduces concepts such as lazy context switching and compiler optimizations. But overall, the core ideas discussed are quite similar."
    },
    {
      "question": "What are the best practices for optimizing cache utilization in RISC-V systems with real-time constraints?",
      "expected_answer": "Align data structures to cache line boundaries, use cache locking for critical data, and optimize memory access patterns to improve cache utilization.",
      "given_answer": "Optimizing cache utilization in RISC-V systems, especially for real-time applications, involves several best practices that ensure efficient data access while adhering to time constraints:\n\n1. **Multi-Level Cache Design**: Utilize a multi-level cache architecture (L1, L2, etc.) to reduce latency. The L1 cache should be small and fast, while the L2 cache can be larger but slower. This hierarchy helps in efficiently managing frequently accessed data.\n\n2. **Cache Line Size Optimization**: Choose an appropriate cache line size based on the access patterns of your application. Smaller cache lines can reduce the amount of unnecessary data fetched, while larger lines can improve performance for sequential access patterns.\n\n3. **Cache Replacement Policies**: Implement effective cache replacement policies like Least Recently Used (LRU) or First-In-First-Out (FIFO) to minimize cache misses. For real-time systems, ensure that the replacement policy can operate within the timing constraints.\n\n4. **Data Prefetching**: Use data prefetching techniques to load data into the cache before it is needed by the CPU. This can significantly reduce cache miss penalties. For example, software prefetching can be done using specific instructions or hints in the code.\n\n5. **Cache Locking**: For critical data that must not be evicted (e.g., real-time task data), implement cache locking mechanisms. This ensures that the data remains in the cache for guaranteed access, reducing latency during critical operations.\n\n6. **Cache Coherency**: In multi-core RISC-V systems, maintain cache coherency to prevent stale data issues. Use protocols like MESI (Modified, Exclusive, Shared, Invalid) to ensure that all cores have a consistent view of memory.\n\n7. **Memory Access Patterns Analysis**: Analyze the memory access patterns of your application to identify hotspots and optimize them. Tools like cache simulators can help in understanding how well the cache is utilized and where improvements can be made.\n\n8. **STM32 Example**: In STM32 systems, leverage the flexibility of the Flash memory and program memory controllers to fine-tune cache settings. Adjust cache settings to optimize the access time for critical data paths, ensuring that real-time tasks have predictable performance.\n\nBy implementing these best practices, RISC-V systems can achieve optimized cache utilization while meeting real-time constraints, ultimately enhancing overall system performance.",
      "similarity": 75.0,
      "differences": "Both answers discuss ways to optimize cache utilization, such as cache locking for critical data and optimizing memory access patterns. However, the given answer is more detailed and includes points that the expected answer does not, such as the design of a multi-level cache, cache line size optimization, cache replacement policies, data prefetching, maintaining cache coherency, and an example related to STM32 systems. While there is significant overlap in the core ideas presented, the additional information in the given answer reduces the overall similarity."
    },
    {
      "question": "What techniques can be applied to reduce branch misprediction penalties in RISC-V systems?",
      "expected_answer": "Use techniques like dynamic branch prediction, speculative execution, and dual-path execution to reduce branch misprediction penalties in RISC-V systems.",
      "given_answer": "Branch misprediction penalties can significantly impact performance, especially in RISC-V systems. Here are several techniques to reduce these penalties:\n\n1. **Branch Prediction Optimization**:\n   - Employ dynamic branch prediction techniques such as Two-Level Adaptive Branch Prediction, which uses history to make more accurate predictions.\n   - Implement a branch target buffer (BTB) to quickly predict the target address of a branch instruction.\n\n2. **Reduce Branch Instructions**:\n   - Refactor code to minimize branches, especially in performance-critical loops. Use techniques like loop unrolling to decrease the number of branches.\n   - Replace branches with conditional moves where applicable, which can eliminate the branch entirely.\n\n3. **Pipeline Design**:\n   - Optimize the pipeline to handle mispredictions more efficiently. For example, using a staging approach in the pipeline can help recover faster from a misprediction.\n   - Design the pipeline to flush only the necessary stages when a misprediction occurs, reducing the overall penalty.\n\n4. **Software Techniques**:\n   - Utilize compiler optimizations that rearrange code to reduce the likelihood of mispredictions, such as loop fusion or code layout optimization.\n   - Profile the code to identify hotspots where mispredictions occur frequently and target these areas for optimization.\n\n5. **Hardware Performance Counters**:\n   - Monitor branch prediction accuracy using hardware performance counters. This data can help identify patterns in mispredictions and guide optimization efforts.\n   - Use counters to adjust prediction algorithms dynamically based on runtime behavior, improving accuracy over time.\n\nBy applying these techniques, RISC-V systems can significantly reduce the performance impact of branch mispredictions, leading to more efficient execution.",
      "similarity": 85.0,
      "differences": "Both answers revolve around the same concept of minimizing the penalties of branch mispredictions in RISC-V systems and suggest techniques for improving the same. The expected answer specifically mentions dynamic branch prediction, speculative execution, and dual-path execution while the given answer provides a more broad and detailed approach to the problem, suggesting a range of solutions from optimization of branch prediction, instruction pipelines, software techniques to performance monitoring. The discrepancy is in the level of detail and some specific techniques mentioned, hence not a full score."
    },
    {
      "question": "How can you optimize task scheduling in real-time systems using RISC-V?",
      "expected_answer": "The Optimization Of Andesite Rocks Means We Must Delve Into Diorite And Cobblestone Manufacurement On The RISC-V. To Do This, We Must Use 3 Buckets Of Water With At Least One Source Block Of Lava.",
      "given_answer": "Optimizing task scheduling in real-time systems using RISC-V involves several key strategies:\n\n1. **Understanding Real-Time Constraints**: Identify whether the system requires hard, soft, or firm real-time capabilities, as this will influence the scheduling algorithm chosen.\n\n2. **Choosing a Scheduling Algorithm**: Select an appropriate scheduling algorithm based on the task characteristics:\n   - **Rate-Monotonic Scheduling (RMS)**: Assign priorities based on task periods; shorter periods get higher priority.\n   - **Earliest Deadline First (EDF)**: Dynamically assign priorities based on the nearest deadline.\n\n3. **Implementing RMS**: For RMS, calculate the utilization of each task and ensure that the total utilization does not exceed the schedulability bound (U <= n*(2^(1/n) - 1)):\n   ```c\n   bool is_schedulable(Task tasks[], int num_tasks) {\n       double total_utilization = 0;\n       for (int i = 0; i < num_tasks; i++) {\n           total_utilization += (double)tasks[i].execution_time / tasks[i].period;\n       }\n       return total_utilization <= (num_tasks * (pow(2, (1.0 / num_tasks)) - 1));\n   }\n   ```\n\n4. **Implementing EDF**: For EDF, maintain a priority queue of tasks sorted by their deadlines. A simple implementation might look like this:\n   ```c\n   void schedule_tasks(TaskQueue *queue) {\n       while (!is_empty(queue)) {\n           Task next_task = dequeue(queue); // Get task with the earliest deadline\n           execute_task(next_task);\n       }\n   }\n   ```\n\n5. **Timer Management**: Use hardware timers to manage task switching accurately. Set up timer interrupts to trigger context switches:\n   ```c\n   void timer_interrupt_handler() {\n       // Context switch logic\n       switch_task();\n   }\n   ```\n\n6. **Context Switching Optimization**: Minimize context switching overhead by ensuring that tasks do not frequently yield control. Design tasks to run for a sufficient duration before yielding.\n\n7. **Real-Time Operating Systems (RTOS)**: Consider using an RTOS optimized for RISC-V that supports these scheduling algorithms natively, such as FreeRTOS or Zephyr, which provide built-in support for timer management and context switching.\n\nBy implementing these strategies, you can effectively optimize task scheduling in real-time systems on RISC-V architecture, ensuring that tasks meet their deadlines and operate efficiently.",
      "similarity": 10.0,
      "differences": "The only similarity between the two answers is the mention of RISC-V, but the contexts are entirely different. The expected answer discusses a process related to physical materials (Andesite Rocks, Diorite, Cobblestone) and natural elements (water and lava), which doesn't relate to computer science. The given answer discusses how to optimize task scheduling in real-time systems using RISC-V, a topic in computer science. There are no semantic or conceptual similarities beyond the mention of RISC-V, hence the low similarity score."
    },
    {
      "question": "What are the best practices for reducing instruction pipeline stalls in RISC-V for better performance?",
      "expected_answer": "Use techniques such as instruction scheduling, loop unrolling, and dependency tracking to avoid stalls, while incorporating branch prediction and instruction prefetching to mitigate pipeline hazards.",
      "given_answer": "Reducing instruction pipeline stalls in RISC-V architectures involves a variety of techniques aimed at improving instruction throughput. Here are some best practices:\n\n1. **Understand the Pipeline Structure**: Familiarize yourself with the RISC-V pipeline stages (IF, ID, EX, MEM, WB) to identify where stalls can occur, such as due to data hazards or control hazards.\n\n2. **Minimize Data Hazards**:\n   - **Use Compiler Optimizations**: Utilize compiler flags for optimization (e.g., `-O2`, `-O3`) to automatically reorder instructions and minimize dependencies.\n   - **Instruction Reordering**: Manually reorder instructions in critical loops to avoid stalls. For example, if an instruction depends on the result of a previous instruction, move independent instructions in between.\n\n3. **Implement Forwarding**: RISC-V architectures often support data forwarding, which allows the output from one instruction to be used as input for another without waiting for it to be written back to the register file. Ensure that your compiler or assembler generates code that takes advantage of this feature.\n\n4. **Use Pipeline-Friendly Coding Practices**:\n   - **Avoid Branches**: Reduce the number of branches in performance-critical sections of code. Use loop unrolling techniques to minimize loop overhead.\n   - **Branch Prediction**: If the architecture supports dynamic branch prediction, ensure that the predictor is tuned to your workload. Otherwise, use static branch prediction techniques.\n\n5. **Control Hazards Mitigation**: Use delay slots effectively by scheduling useful instructions in the slots immediately following a branch instruction to ensure that the pipeline remains filled.\n\n6. **Profiling and Testing**: Continuously profile your application using tools like `perf` or built-in performance counters in RISC-V to identify hotspots where stalls occur. Adjust your code based on profiling results to reduce stalls.\n\n7. **Example Code**:\n   ```c\n   void optimized_function() {\n       int a = 5, b = 10;\n       int c = a + b; // use c in the next loop iteration\n       for (int i = 0; i < 100; i++) {\n           // Avoid data hazards by ensuring 'c' is ready before use\n           process(c);\n       }\n   }\n   ```\n\nBy following these practices, you can effectively minimize instruction pipeline stalls and improve the overall performance of RISC-V systems.",
      "similarity": 85.0,
      "differences": "Both answers discuss techniques for improving throughput and avoiding stalls in a processing pipeline, including utilizing compiler optimizations, instruction reordering, loop unrolling, branch prediction, and instruction prefetching. However, the given answer provides a more detailed explanation and context-specific to RISC-V architectures, including detailed steps, specific compiler flags, example code, and the mention of profiling tools. The expected answer succinctly discusses the general concept without much detail. It doesn't mention any specific architecture, tools, or provided example code. Due to these differences, they are conceptually very similar but not identical, warranting an 85% similarity score."
    },
    {
      "question": "What are the key considerations for optimizing real-time performance in multi-threaded RISC-V applications?",
      "expected_answer": "Optimize task synchronization, minimize contention for shared resources, and use lock-free data structures to improve real-time performance in multi-threaded RISC-V applications.",
      "given_answer": "Optimizing real-time performance in multi-threaded RISC-V applications involves several critical considerations, particularly when using the Freedom Studio development environment:\n\n1. **RTOS Selection and Configuration**: Choose a real-time operating system (RTOS) that supports multi-threading and offers features like priority scheduling, inter-thread communication (ITC), and timing constraints. Configure the RTOS to minimize context-switching overhead and to ensure that high-priority threads can preempt lower-priority ones.\n\n2. **Thread Prioritization**: Assign priorities to threads based on their criticality to the system. Ensure that real-time tasks have higher priorities than non-critical tasks. This can be managed through the RTOS scheduler, which should adhere to real-time scheduling algorithms like Rate-Monotonic Scheduling (RMS) or Earliest Deadline First (EDF).\n\n3. **Minimizing Context Switches**: Context switching can introduce latency. To minimize this:\n   - Keep the number of threads to a minimum; merge tasks where possible.\n   - Use lock-free data structures to reduce contention between threads.\n   - Optimize the use of mutexes and semaphores to avoid unnecessary blocking.\n\n4. **Lock-Free Programming**: Implement lock-free algorithms where feasible. For example, using atomic operations can help in designing data structures that multiple threads can access without locks, thus reducing latency.\n\n5. **Optimizing Inter-Thread Communication (ITC)**: Use efficient ITC mechanisms:\n   - **Message Queues**: Implement message queues for task communication, ensuring that they are designed for low-latency access.\n   - **Shared Memory**: Use shared memory with proper memory barriers to ensure data consistency without locking overhead.\n   - **Signals and Events**: Use signals or event flags to wake up threads when specific conditions are met, minimizing polling.\n\n6. **Profiling and Benchmarking**: Regularly profile your application using tools available in Freedom Studio to identify bottlenecks in thread execution and communication. This can help in making informed decisions on where to optimize.\n\n7. **Example of Setting Up RTOS Threads**:\n```c\n// Pseudo-code for creating threads in an RTOS\n#include <rtos.h>\n\nvoid real_time_task() {\n    // Task code here\n}\n\nint main() {\n    rtos_init();\n    rtos_create_thread(real_time_task, HIGH_PRIORITY);\n    rtos_start_scheduler();\n    return 0;\n}\n```\nBy focusing on these considerations, developers can significantly enhance the real-time performance of multi-threaded applications on RISC-V platforms.",
      "similarity": 85.0,
      "differences": "Both answers discuss ways to improve the real-time performance of multi-threaded RISC-V applications. They agree on key points like the use of lock-free data structures and minimizing contention between threads. However, the given answer goes into more detail and expands on other methods of optimization, including those related to the real-time operating system (RTOS), thread prioritization and minimizing context switch, which are not explicitly mentioned in the expected answer. Hence, they are quite similar in intent and content, but the given answer covers more aspects of the problem."
    },
    {
      "question": "What strategies can be used to reduce cache miss rates in a multi-core RISC-V system?",
      "expected_answer": "Use cache coherence protocols, data partitioning, and affinity scheduling to reduce cache miss rates in multi-core RISC-V systems.",
      "given_answer": "To reduce cache miss rates in a multi-core RISC-V system, consider the following strategies:\n\n1. **Cache Line Optimization**: Ensure that data structures are aligned with cache line sizes. This minimizes false sharing and cache line conflicts, which can lead to increased miss rates.\n\n2. **Data Locality**: Structure data access patterns to enhance spatial and temporal locality. For example, access arrays sequentially instead of randomly.\n\n3. **Multi-Level Cache Use**: Leverage multi-level cache architectures effectively. Ensure that the L1 cache is used for frequently accessed data, while L2 or L3 caches can be used for less frequently accessed data.\n\n4. **Cache Blocking**: Implement cache blocking techniques for matrix computations or large data structures to ensure that data fits within the cache during processing.\n\n5. **Prefetching**: Use hardware or software prefetching to load data into the cache before it is accessed. Configure prefetching algorithms to anticipate future memory accesses based on patterns observed during execution.\n\n6. **Cache Replacement Policies**: Analyze and adjust cache replacement policies (e.g., LRU, FIFO) to suit the access patterns of your application, thus reducing the likelihood of evicting useful data.\n\n7. **Concurrency Control**: In multi-core systems, ensure that cache coherence mechanisms do not lead to excessive invalidations or updates that can increase miss rates. Use techniques like cache locking for critical data.\n\n8. **Profiling and Monitoring**: Use performance counters to monitor cache hits and misses, allowing you to identify bottlenecks and optimize access patterns accordingly.",
      "similarity": 70.0,
      "differences": "Both answers are centered around the method of reducing cache miss rates in multi-core RISC-V systems. However, they explain it in different terms, the expected answer mentions cache coherence protocols, data partitioning, and affinity scheduling. On the other hand, the given answer goes into more detail describing the aspects of data localization, cache coherence (point 7), cache blocking, prefetching, which are all techniques to optimize data access in multi-core systems. Therefore, while they are conceptually in line, the response gives a much more detailed and different set of methods."
    },
    {
      "question": "How can you implement efficient branch prediction in a RISC-V system to minimize branch mispredictions?",
      "expected_answer": "Implementing dynamic branch prediction using Branch Target Buffers (BTBs) and history-based predictors can reduce misprediction penalties and improve overall instruction throughput.",
      "given_answer": "Implementing efficient branch prediction in a RISC-V system requires a well-defined strategy to minimize branch mispredictions. Here are methods to achieve this:\n\n### 1. Understanding Branch Prediction\n\nBranch prediction is crucial for maintaining high instruction throughput in pipelined processors. When a branch instruction is encountered, the processor must decide whether to fetch the next instruction from the target address or continue sequentially. Accurate predictions can significantly reduce pipeline stalls.\n\n### 2. Implementing Branch Prediction Techniques\n\n#### a. Static Branch Prediction\n\n- **Predictor Selection**: Use simple static prediction methods, such as always taken or always not taken. This method is easy to implement but may not achieve high accuracy.\n  \n```c\n// Example of static branch prediction\nif (condition) { // always taken\n    // branch taken logic\n} else {\n    // branch not taken logic\n}\n```\n\n#### b. Dynamic Branch Prediction\n\nDynamic branch prediction typically offers better accuracy by using historical information about branch behavior. Here’s how to implement it:\n\n- **Branch History Table (BHT)**: Use a BHT to store the history of branch outcomes. Each entry can be a 2-bit saturating counter to represent the prediction state (strongly taken, weakly taken, weakly not taken, strongly not taken).\n\n```c\n#define BHT_SIZE 16\nuint8_t bht[BHT_SIZE]; // Branch History Table\n\nvoid update_bht(int index, int outcome) {\n    if (outcome) {\n        // Increment counter\n        if (bht[index] < 3) bht[index]++;\n    } else {\n        // Decrement counter\n        if (bht[index] > 0) bht[index]--;\n    }\n}\n\nint predict_branch(int index) {\n    return bht[index] >= 2; // Predict taken if state is strong\n}\n```\n\n- **Two-Level Adaptive Branch Prediction**: Implement a two-level predictor that uses both global and local history to make predictions. Global history can provide context across multiple branches, while local history focuses on individual branch behavior.\n\n### 3. Reducing Branch Mispredictions\n\nTo minimize branch mispredictions further:\n\n- **Profile Code**: Use profiling to identify critical branches and optimize their prediction strategies based on observed behavior.\n- **Loop Unrolling**: Unroll loops to reduce the frequency of branches, making prediction easier and more accurate.\n- **Use of NOPs**: Insert NOPs after branch instructions in cases where mispredictions are frequent to mitigate performance degradation.\n\n### 4. Testing and Optimization\n\nFinally, test the implemented branch predictor under different workloads to evaluate its performance. Measure the misprediction rate and adjust the predictor parameters (e.g., size of the BHT or the counter states) to optimize accuracy.\n\n### Conclusion\n\nBy employing static and dynamic branch prediction techniques, leveraging historical data, and optimizing code structure, you can significantly reduce branch mispredictions in a RISC-V system, leading to improved performance.",
      "similarity": 75.0,
      "differences": "Both answers addressed the concept of implementing branch prediction to improve performance through reducing mispredictions, thus sharing the similar theme. The given answer provides a more thorough discussion, with examples and techniques within both static and dynamic branch prediction, whereas the expected answer is focused more succinctly on dynamic prediction using Branch Targets Buffers and history-based predictors. The extra details in the given answer specific to RISC-V systems and static branch prediction cause a minor divergence in topic, hence the score isn't 100."
    },
    {
      "question": "How do you optimize memory access patterns in a RISC-V system to minimize cache misses in real-time applications?",
      "expected_answer": "Optimization can be achieved by aligning data structures to cache line sizes, using loop unrolling, prefetching, and optimizing memory access patterns to ensure spatial and temporal locality.",
      "given_answer": "Optimizing memory access patterns in RISC-V systems is critical for minimizing cache misses and ensuring that real-time applications meet their deadlines. Here are several strategies you can employ:\n\n1. **Understanding Memory Hierarchy**: Familiarize yourself with the cache architecture (L1, L2, etc.) and the size of each cache level. Knowing how much data can fit into the cache helps in designing algorithms that make efficient use of it.\n\n2. **Data Locality**:\n   - **Spatial Locality**: Access data elements that are physically close to each other in memory. For example, when processing arrays, iterate through them in a sequential manner.\n   - **Temporal Locality**: Reuse data that has been accessed recently. Structure your code to access the same data multiple times within short periods.\n\n3. **Cache-Friendly Data Structures**: Use data structures that optimize cache usage. For instance, prefer arrays over linked lists for collections of data, as arrays provide better cache locality.\n\n4. **Memory Prefetching**: Implement software prefetching techniques to load data into the cache before it is needed. This can reduce the latency associated with cache misses. Example code for prefetching:\n   ```c\n   for (int i = 0; i < N; i++) {\n       __builtin_prefetch(&array[i + 16]); // Prefetch data 16 elements ahead\n       process(array[i]);\n   }\n   ```\n\n5. **Cache Blocking**: Break down large datasets into smaller blocks that fit into the cache. Process each block sequentially to ensure that the data remains in the cache for as long as possible. This technique is especially useful in matrix operations.\n\n6. **Memory Access Pattern Analysis**: Use profiling tools to analyze memory access patterns and identify cache miss hotspots. Tools like Valgrind or custom logging can help visualize how different access patterns affect performance.\n\n7. **Instruction Scheduling**: Optimize the order of instructions to minimize cache misses. For example, avoid loading data from memory in between dependent calculations that can be done using registers.\n\n8. **Example Code for Cache Optimization**:\n   ```c\n   void process_matrix(int matrix[][COLS], int rows) {\n       for (int i = 0; i < rows; i++) {\n           for (int j = 0; j < COLS; j++) {\n               // Prefetch next row\n               if (j == 0 && i < rows - 1) {\n                   __builtin_prefetch(&matrix[i + 1][0]);\n               }\n               // Process the matrix element\n               matrix[i][j] *= 2;\n           }\n       }\n   }\n   ```\n\nBy implementing these strategies, you can significantly reduce cache misses and improve the performance of real-time applications on RISC-V systems.",
      "similarity": 85.0,
      "differences": "Both answers are providing solutions for optimization but from slightly different perspectives. The expected answer talks about optimizing data structures and memory access while also mentioning loop unrolling and prefetching. Meanwhile, the given answer provides more in-depth strategies for optimizing memory access patterns in RISC-V systems, including understanding memory hierarchy, data locality, cache-friendly data structures, memory prefetching, cache blocking, memory access pattern analysis, and instruction scheduling. It also provides specific code examples. The given answer is a more elaborate and context-specific version of the expected answer, hence, they are conceptually close. However, the given answer also incorporates some additional points not mentioned in the expected answer."
    },
    {
      "question": "What methods can be used to optimize floating-point operations in RISC-V for real-time applications?",
      "expected_answer": "Optimize floating-point operations by using hardware-level floating-point units (FPUs), reducing precision where possible, and minimizing pipeline stalls due to floating-point dependencies.",
      "given_answer": "Optimizing floating-point operations in RISC-V for real-time applications involves several strategies aimed at reducing latency and improving throughput. Here are some methods:\n\n1. **Instruction Scheduling**: Arrange floating-point instructions to minimize pipeline stalls. Use instruction scheduling techniques to reorder instructions so that dependencies are reduced, allowing for better use of the execution units.\n\n2. **Using Hardware Accelerators**: If available, utilize dedicated floating-point units (FPUs) within the RISC-V architecture. These units are optimized for performing floating-point operations faster than general-purpose ALUs.\n\n3. **Minimizing Data Movement**: Reduce the number of loads and stores by reusing registers. Keep frequently used floating-point values in registers instead of loading them from memory, which is slower.\n\n4. **Compiler Optimizations**: Use compiler flags to optimize floating-point operations. For example, enabling optimization levels in GCC (`-O2`, `-O3`) can help the compiler generate more efficient code.\n\n5. **Fixed-Point Arithmetic**: Where possible, use fixed-point arithmetic instead of floating-point. This can significantly reduce the complexity and number of cycles required for arithmetic operations.\n\n6. **Profile and Analyze**: Use profiling tools to analyze the performance of floating-point operations and identify bottlenecks. Focus on optimizing the most time-consuming operations.\n\n### Example Code for Instruction Scheduling:\nHere is a simple example demonstrating instruction scheduling:\n\n```c\n#include <stdint.h>\n\nvoid optimized_function(float *a, float *b, float *c) {\n    float temp1, temp2;\n    temp1 = *a + *b;  // First operation\n    temp2 = *a - *b;  // Second operation (can be scheduled in parallel)\n    *c = temp1 * temp2;  // Final operation\n}\n```\nIn this example, the operations are arranged to minimize dependencies, allowing the compiler to better optimize the instruction flow.",
      "similarity": 85.0,
      "differences": "Both answers discuss optimizing floating point operations in hardware, though they approach the topic differently. They both mention strategies around utilizing hardware, minimizing dependencies, and reducing latency to improve throughput. The given answer, however, delves more in-depth into the solution, providing a more comprehensive list of strategies and an example, which gives more detailed information but also diverges a little bit from the general context provided in the expected answer. The given answer also mentions specific strategies such as instruction scheduling, CPU architecture, and compiler optimizations that were not explicitly stated in the expected answer. Hence, a slight deduction in similarity score."
    }
  ]
}